{
    "accuracy": 0.9248,
    "precision": 0.9256446887856422,
    "recall": 0.9248,
    "f1_score": 0.9238175419198429
}