{
    "accuracy": 0.9276,
    "precision": 0.9281348312660226,
    "recall": 0.9276,
    "f1_score": 0.9267207053926828
}